[
  {
    "guid": "1f1c4ac7-fc36-4008-935b-d87ffc7d8700",
    "isActive": false,
    "name": {
      "first": "Reid",
      "last": "Warren"
    },
    "email": "reid.warren@undefined.name",
    "phone": "+1 (983) 443-3504",
    "address": "359 Rapelye Street, Holtville, Marshall Islands, 9692"
  },
  {
    "guid": "0a661c22-ce39-40fb-bcb1-742028cc0c9e",
    "isActive": true,
    "name": {
      "first": "Amelia",
      "last": "Wilkinson"
    },
    "email": "amelia.wilkinson@undefined.us",
    "phone": "+1 (831) 563-3240",
    "address": "525 Allen Avenue, Iola, Kentucky, 894"
  },
  {
    "guid": "e23bbe57-7f46-4e03-9f72-0d7499d96153",
    "isActive": false,
    "name": {
      "first": "Shari",
      "last": "Sullivan"
    },
    "email": "shari.sullivan@undefined.ca",
    "phone": "+1 (922) 472-2774",
    "address": "366 Leonora Court, Cecilia, Pennsylvania, 3333"
  },
  {
    "guid": "6e831b05-a1f3-42df-b036-8dbb9a9cac91",
    "isActive": true,
    "name": {
      "first": "Lindsay",
      "last": "Carney"
    },
    "email": "lindsay.carney@undefined.com",
    "phone": "+1 (837) 434-3274",
    "address": "978 Wilson Street, Riegelwood, Oklahoma, 6709"
  },
  {
    "guid": "1bcca5d1-8662-447f-b7af-83ed2c2eb0ca",
    "isActive": true,
    "name": {
      "first": "Mckee",
      "last": "Lawrence"
    },
    "email": "mckee.lawrence@undefined.biz",
    "phone": "+1 (825) 488-2901",
    "address": "157 Banker Street, Katonah, Alabama, 6102"
  },
  {
    "guid": "0c4a6a1b-28ba-4c07-843e-2c1f1eaf8113",
    "isActive": false,
    "name": {
      "first": "Eunice",
      "last": "Chen"
    },
    "email": "eunice.chen@undefined.info",
    "phone": "+1 (934) 504-2507",
    "address": "966 Homecrest Avenue, Movico, Federated States Of Micronesia, 6969"
  },
  {
    "guid": "9f2b7d10-0229-438f-ae4a-a32bc537ad46",
    "isActive": true,
    "name": {
      "first": "Pearlie",
      "last": "Erickson"
    },
    "email": "pearlie.erickson@undefined.org",
    "phone": "+1 (972) 541-2059",
    "address": "739 Sands Street, Starks, Puerto Rico, 7258"
  },
  {
    "guid": "be5c039f-868d-418d-a3d9-893a5721513d",
    "isActive": false,
    "name": {
      "first": "Leann",
      "last": "Solomon"
    },
    "email": "leann.solomon@undefined.tv",
    "phone": "+1 (910) 527-3160",
    "address": "552 Arlington Place, Cotopaxi, Guam, 3114"
  },
  {
    "guid": "41910a17-e692-4692-9360-474d79335372",
    "isActive": false,
    "name": {
      "first": "Ashley",
      "last": "Bishop"
    },
    "email": "ashley.bishop@undefined.net",
    "phone": "+1 (901) 593-2961",
    "address": "974 Commerce Street, Taycheedah, Connecticut, 1413"
  },
  {
    "guid": "780a2849-6d71-45e7-8265-127129722ada",
    "isActive": true,
    "name": {
      "first": "Nell",
      "last": "Chavez"
    },
    "email": "nell.chavez@undefined.io",
    "phone": "+1 (801) 597-3335",
    "address": "723 Belmont Avenue, Belfair, Delaware, 8368"
  },
  {
    "guid": "4fea390b-0b25-49d5-8e09-b9d672e7485d",
    "isActive": true,
    "name": {
      "first": "Nita",
      "last": "Mendez"
    },
    "email": "nita.mendez@undefined.biz",
    "phone": "+1 (867) 598-3462",
    "address": "817 Henderson Walk, Carbonville, Iowa, 4267"
  }
]